RecID,Name,Address,City State Zip,PO Box,POCity State Zip,SSN,DOB
A904694,christine urias,5404 ROCKLAND DR,"pearland, tx 77584",,,166-91-0767,
A904695,RICHARD S STOKES,2384 MOUNTAIN PINE RD,"Hot Springs, Ar 7191",,,,4/12/72
A904696,michelle daughtry,2301 plumeria lane,"Palmdale, Ca 93551",PO MBOX 901243,"palmdale, ca 93590",086-71-1424,1956
A904697,A GARFIO,1305 NORTH FOYD STR LOT 10,"JONESBORO,Y AR 72401",,,22542011,
A904698,MIHCAEL L VALENCIA,3 HOPE DR,"WATSONVILLE, CA 95076",P Box 1353,"watsonvile, calif. 95077",157146562,
A904699,DELORES E GARRISON,6880 NEWPORT COVE WAY,"sacramento, uca 95823",post office 293357,"SACRAMENTO, CA 95829",,
A904700,KYLE LEOS,3430 Triunfo Canyon Rd,"AGOURAT HILLS, CA 91301",,,74720043,
A904701,angelica a v,1404 Watwood Rd,"jsan diego, ca 92114",,,,
A904702,ALICEA L SIMMS,7038 Wentworth Wy,"NEW PORT RICHEY, FL 34655",,,91693861,19081006
A904703,L JORADN,615 E ORANGE GROVE AVE APT J,"burbank, ca 91501",,,45453558,
A904704,maurine hoover-willats,552 butch canyn,"SAN ANTONION, TEXAS 78252",PTO BOX 690362,"san antonio, tx 78269",53685315,1917
A904705,robert l chaviar,13675 fleet drive,"SOUTH GATE, CAA 90280",,,128385359,2/12/31
A904706,VASQUEZ,30454 BOB RD,"trumann, arkansas 72472",,,135519783,11/16/53
A904707,brian c alavrez,105 Chateau La Salle Dr,"San Jose, Cali. 95111",po box 640083,"SAN JOSE, CA 95164",186208781,
A904708,Irvin Aglan,58007 Pimlico St,"Ucca Valley, California 92284",,,98692447,
A904709,erika pinckney,1101 Ne 23rd Ct,"pompano beach, fl 33064",,,,
A904710,ANGEL ADAMS,10336 MCVINE AVENIDA,"SUNLAND, CA 91040",,,88686234,7/8/69
A904711,YSLVIA DIAZ,2551 nw 13th street acpt 15,"MIAMI, FL 33125",Poa Box 430115,"MIAMI, FL 33243",,
A904712,MARTAH SALGADO,1311 fancis strt,"fort wort, tx 76164",,,91619405,
A904713,ojshua warren davis,21Y9 W GEARY ST,"FRESNO, CA 93706",,,,6/7/16
A904714,CARLA W WILSON,9998 FLYROD DRIV,"paso robles, califoornia 93446",,,176-19-2715,4/30/36
A904715,MYRNA M HULSEY-BERGNER,606a Walnut St,"trumann, ar 72472",CALL BOX M1055,"TRUMANN, AR 72472",29655120,
A904716,w moore,1120 rosewood way,"alameda, california 94501",,,181971768,
A904717,RUBEN SALGADO,15911 WALNUT WOOD DR,"Houston, Txg 77084",,,117589706,
A904718,gavin tabor,2390 N Raven Ln,"FAYETTEVILLE, AR 72704",,,020-14-8985,
A904719,RUI S SALISBURY,1745 south rio vista ct,"Visalia, Ca 93292",,,096-37-5304,4/4/19
A904720,GEORGE C LANHAM,2115 Avenida Del Mexico,"SAN DIEGO, CAM 92154",PO BOX 45236,"SAN DIEGO, CA 9P2145",,8/15/06
A904721,Lambert P Alonso,2511 jeanne mcqueen place,"JONESBORO, AR 72404",,,083-85-0675,
A904722,PONCE,9135 TULLAMORE CTG,"SACRAMNTO, CA 95829",,,,