RecID,FirstName,MiddleName,LastName,Address,City,State,ZIP,POBox,POCityStateZip,SSN,DOB
A904723,Caleb,A,Williams,236c32 blooming meadow rd,Moreno,Valley,Cali 9r2557,,,137074293,
A904724,Jeffrey,J,Hamilton,5227 THUNDER LN,patrick,afb,florida 32925,,,87130412,
A904725,JORGE,M,VILLA,119 Se 4th Venue,cape,coral,fla. 33990,,,16307017,7-Feb-16
A904726,Shawnte,,Kitaveelaih,33088 CHURCHILL ST,Lake,Elsinore,Ca 92530,,,165418376,19110305
A904727,T,,FRIEDLICH,374 THERESA LN,MOODY,TEXAS,76D557,,,158206856,
A904728,LCIFTON,,VKIM,405 ACKLINGTON DR,ANNA,TX,75409,,,001-06-4896,1948
A904729,Jan,J,Simons,7501 KETCH CT,CITRUS,HEIGHTS,CA 95621,,,,
A904730,Krissy,,Gagrica,14309 lakeside terrace drive,HOUSTON,TX,77044,,,183684975,
A904731,SUSANNAH,B,ESTRADA,1451 MICHIGANP AVE APT 27,BEAUMONT,CA,92223,,,18536520,8/22/81
A904732,bev,,jacobs,1119 E76th St,LOS,ANGELES,CALIFORNFIA 90001,POST 881605,"LOS ANGELES, CALIFORNIA 90009",,
A904733,luduvina,o,oshioka,5725 Ridgestone Dr,TAMPA,FLORIDA,33625,,,2233586,
A904734,Elmer,A,Hudson,15005 Rxoundup Dr,tampa,fl,33624,APTDLO 76972,"TAMPA, FLA. 33675",063-67-9432,
A904735,John,A,Andersno,9076 BRIDALVEIL CIR,Stockton,Ca,95212,,,,
A904736,CANDACE,,QUILES,1475 W 4th Str Apt 522,HIALEAH,FLA.,Y33012,,,010-93-5422,
A904737,Tony,,Ayen,7979 N Eldride Parkway,houston,tx,77041,,,130811122,14-Feb-77
A904738,donald,armando,cortez,207 E 158TH ST,GARDENA,CA,90248,,,,
A904739,l,,lantrip,6417 Kennedy Ct,WATAUGA,TX,76148O,,,25579615,21-Mar-24
A904740,mereidth,j,gadlindo,1634 PINEDALE AVE,BLOOMIGTON,CA,92316,,,161550802,
A904741,,,Machuca,22 GARDENSIDE DBRIVE APT 7,SAN,FRANCISCO,CA 94131,,,,
A904742,G,J,Flannery,3336 Sleepy Hollow Ln,MODESTO,CA,95355,,,41486886,
A904743,CONSTANCE,M,CRANSTON,084 royal marquis circl,OCOEE,FLORIDA,34761,,,177177118,
A904744,fernando,,alvarez,4635 luxford ct,SACRAMENTO,CA,95842,,,186309630,6/9/84
A904745,ELVIA,T,JOYCE,2772 E Ponderosa Dr Apt 282,CAMARILLO,CA,93010,,,608478984,
A904746,Ketty,,Beverly,2977 PALO VERDE WY,Antioch,Callifornia,94509,Po Box 1655,"ANTIOCH, CA 94509",,
A904747,Samantha,H,Walker,410 Wapello Circ,sacramento,ca,95835,PO BOX 293357,"Sacramento, Ca 95829",104513023,
A904748,REINA,,WILKERSON,6425 Filbert Ave,Oraangevale,Ca,95662,,,,
A904749,Jimmy,,Bostic,3505 NW 12TH AVE,GAINESVILLE,FL,32605,,,032-82-1465,1916
A904750,Lillain,W,Fitzpatrck,1183 ROADRUNNER AV,san,jacinto,ca 92582,,,184145564,
A904751,L,R,CLELAND,1445 w 6th avnue,HIALEAH,FL,33010,PO BOX 126743,"HIALEAH, FL 33012",154510339,1955